epoch,train_loss,fast_pancreas_dice,fast_lesion_dice,fast_best_threshold,fast_auc,selection_score,epoch_minutes,base_lr,head_lr
1,2.365270450413227,0.8088448581591173,0.07752001422249993,0.5,0.2121212121212121,0.17946673939074254,31.83134437004725,2.950592448119149e-05,0.00019660961971576228
2,2.1993534453213215,0.7985647362134751,0.07267192785887883,0.7,0.3434343434343434,0.1742886563261804,31.453342966238658,2.8057368354874363e-05,0.00018666952767655166
3,2.134196541458368,0.7942236792002775,0.16130427727960542,0.6,0.5353535353535355,0.24364711337509926,30.890324000517527,2.5753048327204938e-05,0.00017085712472806146
4,2.1072750394791364,0.8033521781031941,0.17720343915606576,0.3,0.6464646464646465,0.26805187072899306,31.21902764638265,2.275e-05,0.00015025
5,2.079065043479204,0.8178876296504507,0.20023540095987602,0.5,0.6666666666666666,0.28952636183414127,31.345094529787698,1.9252876153986552e-05,0.00012625249498770082
6,2.052933010011911,0.8226023625613514,0.06438747728013522,0.2,0.6868686868686869,0.19036783103117283,30.438675916194917,1.55e-05,0.0001005
7,2.047633395716548,0.8228289282481802,0.01918562952034418,0.2,0.7878787878787878,0.16660144016536393,30.701359649499256,1.1747123846013451e-05,7.47475050122992e-05
8,2.022592896670103,0.81220505562895,0.11262687335231683,0.2,0.7676767676767676,0.23306859012625689,29.878626910845437,8.250000000000002e-06,5.075000000000002e-05
9,2.0082801593467594,0.8191373274836348,0.055412269287692634,0.2,0.6767676767676767,0.18210656876508236,30.614648095766704,5.2469516727950615e-06,3.0142875271938532e-05
